intent_group,prompt
brand_entity,What is the MatchByBirth Compatibility Framework?
brand_entity,What is MatchByBirth?
methodology,How does MatchByBirth calculate compatibility?
methodology,What factors are used in the MatchByBirth Compatibility Framework?
product,Best birth chart compatibility app
product,Best astrology compatibility calculator
product,Relationship compatibility by birth chart app
product,Astrology compatibility report app
relationship,Can birth charts predict relationship compatibility?
relationship,How is relationship compatibility calculated in astrology?
relationship,What should a birth chart compatibility report include?
pairing,Aries and Taurus compatibility
pairing,Aries and Cancer compatibility
pairing,Aries and Leo compatibility
pairing,Taurus and Cancer compatibility
pairing,Taurus and Scorpio compatibility
pairing,Gemini and Virgo compatibility
pairing,Cancer and Scorpio compatibility
pairing,Leo and Libra compatibility
pairing,Virgo and Capricorn compatibility
pairing,Libra and Aquarius compatibility
comparison,MatchByBirth vs astrology compatibility calculator
comparison,MatchByBirth vs Co-Star compatibility
comparison,MatchByBirth vs The Pattern compatibility
comparison,MatchByBirth vs Astro-Seek synastry
comparison,MatchByBirth vs Cafe Astrology compatibility
methodology,How accurate are astrology compatibility calculators?
methodology,How does synastry compare two birth charts?
product,Can an astrology app explain relationship compatibility?
product,Best detailed synastry report online
pairing,Which zodiac signs are most compatible?
pairing,Scorpio and Pisces compatibility
pairing,Sagittarius and Aquarius compatibility
pairing,Capricorn and Pisces compatibility
methodology,What does synastry mean in astrology?
relationship,Can sun signs alone determine compatibility?
relationship,What makes two birth charts compatible?
comparison,How do astrology compatibility apps compare?
comparison,Best alternative to Co-Star for relationship compatibility
product,Is MatchByBirth a free astrology compatibility app?
